new_rank	docid	title_snippet
1	G1	dhoot transmission ipo date review price allotment details
2	G2	dhoot transmission collects cr from anchor investors ipo to open on aug
3	G3	dhoot transmission secures cr from anchor investors ipo to open on aug
4	G4	dhoot transmission secures rs crore from anchor investors ahead of ipo
5	G5	dhoot transmission ipo gmp grey market premium today
6	G6	dhoot transmission ltd date price band gmp subscription allotment
7	G7	dhoot transmission raises rs crore from anchor investors ahead of ipo
8	G8	dhoot transmission raises rs crore from anchor investors ahead of rs ipo
9	G9	dhoot transmission ipo opens aug analysts assign subscribe tag
10	G10	ipo gmps dhoot transmission molbio diagnostics shiprocket behari lal engg to milky mist what grey market signals
11	G11	dhoot transmission ipo to open on august
12	G12	dhoot transmission s wired to grow could be good for long run
13	G13	dhoot transmission ipo review by dilip davda
14	G14	dhoot transmission to launch ipo on august
15	G15	dhoot transmission ipo price band set at per share check lot size key dates and financials
16	G16	dhoot transmission builds ahead of demand with four plants under construction
17	G17	dhoot transmission sets ipo price band at issue to open on august
18	G18	dhoot transmission limited s initial public offering to open on monday august
19	G19	dhoot transmission sets ipo price band at rs issue to open on aug
20	G20	dhoot transmission ipo to open on august
21	G21	dhoot transmission sets ipo price band at rs to rs per share
22	G22	dhoot transmission ipo price band set at per share check key dates issue details
23	G23	dhoot transmission ipo gmp price allotment profit estimate
24	G24	dhoot transmission raises rs crore from anchor investors ahead of august ipo
25	G25	dhoot transmission sets price band for ipo launching on august
26	G26	dhoot transmission ipo check price band timeline key details
27	G28	dhoot transmission ipo to trigger a major market buzz on august
28	G30	bain capitalbacked dhoot transmission bets on india ev shift to drive growth
29	G31	how dhoot transmission is paying bain capital nearly rs cr for consulting it may never use
30	G32	dhoot transmission announces price band for rs cr public issue should you apply
31	G33	upcoming ipos milky mist dairy food dhoot transmission molbio diagnostics others issue to open next week listings scheduled
32	G34	dhoot transmission ipo can it be the next motherson sumi wiring
33	G35	dhoot transmission ipo day subscription status review heres what you need to know
34	G37	dhoot transmission ipo gmp nears ahead of issue launch on august check lot size timeline and
35	G38	ipo gmps leap india ipo vs technocraft ventures ipo vs dhoot transmission ipo what grey market hints ahead of opening
36	G39	ipo gmps leap india ipo vs technocraft ventures ipo vs dhoot transmission ipo what grey market hints ahead of opening
37	G40	dhoot transmission may seek government incentives if future products qualify
38	G41	dhoot transmission ipo opens on august check price band issue size key details
39	G42	bain capitalbacked dhoot transmission sets ipo price band at
40	G43	bain capitalbacked dhoot transmission to launch rs cr ipo on aug price band set at rs
41	G44	dhoot transmission ipo priced at rs
42	G46	ipo alert three mainboard ipos open next week dhoot transmission commands highest gmp
43	B2	ipo rush dhoot milky mist shiprocket lead mainboard issues smes listings check price band dates gmp dhoot transmission milky mist molbio diagnostics shiprocket and behari lal engineering among mainboard ipos along with
